{"ema_loss": 0.5611025970423714, "sinkhorn_dist_avg": 0.7660716860939409, "sinkhorn_dist_std": 0.0019228476062331697, "train_num_iters": 10000, "batch_size": 2048, "data_shape": [2048, 2], "train_step": 3800}