{"ema_loss": 0.18741534779116079, "sinkhorn_dist_avg": 0.7359200092693851, "sinkhorn_dist_std": 0.0016255128418003406, "train_num_iters": 10000, "batch_size": 2048, "data_shape": [2048, 2], "train_step": 6700}