{"ema_loss": 0.7433418493334734, "sinkhorn_dist_avg": 0.7410577656517189, "sinkhorn_dist_std": 0.0011687315815359595, "train_num_iters": 10000, "batch_size": 2048, "data_shape": [2048, 2], "train_step": 9900}