{"ema_loss": 0.44094879639258283, "sinkhorn_dist_avg": 0.7682551240021969, "sinkhorn_dist_std": 0.0007277954731403849, "train_num_iters": 10000, "batch_size": 2048, "data_shape": [2048, 2], "train_step": 1400}