{"ema_loss": 0.06766549980790285, "sinkhorn_dist_avg": 0.7537362025826718, "sinkhorn_dist_std": 0.0008264598393711805, "train_num_iters": 10000, "batch_size": 2048, "data_shape": [2048, 2], "train_step": 3600}