{"ema_loss": 0.08280105985162987, "sinkhorn_dist_avg": 0.7721158521173491, "sinkhorn_dist_std": 0.0015428636502977785, "train_num_iters": 10000, "batch_size": 2048, "data_shape": [2048, 2], "train_step": 5400}