{"ema_loss": 0.03567117689931241, "sinkhorn_dist_avg": 0.7625477333597015, "sinkhorn_dist_std": 0.0014676278048116921, "train_num_iters": 10000, "batch_size": 2048, "data_shape": [2048, 2], "train_step": 5700}