{"ema_loss": 0.1484830116211584, "sinkhorn_dist_avg": 0.7540103448073078, "sinkhorn_dist_std": 0.0007551004329440622, "train_num_iters": 10000, "batch_size": 2048, "data_shape": [2048, 2], "train_step": 5100}