{"ema_loss": 0.0355221944003288, "sinkhorn_dist_avg": 0.7664452886329464, "sinkhorn_dist_std": 0.0010004391959489948, "train_num_iters": 10000, "batch_size": 2048, "data_shape": [2048, 2], "train_step": 3900}