{"ema_loss": 0.8797807613639569, "sinkhorn_dist_avg": 0.7579956743829698, "sinkhorn_dist_std": 0.0016927768230125344, "train_num_iters": 10000, "batch_size": 2048, "data_shape": [2048, 2], "train_step": 6000}