{"ema_loss": 0.03114762777679496, "sinkhorn_dist_avg": 0.7468036433304531, "sinkhorn_dist_std": 0.00046734106748420705, "train_num_iters": 10000, "batch_size": 2048, "data_shape": [2048, 2], "train_step": 7100}