{"ema_loss": 0.31600237510063584, "sinkhorn_dist_avg": 0.7682640589132013, "sinkhorn_dist_std": 0.00040311280968985706, "train_num_iters": 10000, "batch_size": 2048, "data_shape": [2048, 2], "train_step": 7000}