{"ema_loss": 0.023348929034880495, "sinkhorn_dist_avg": 0.7639280990221339, "sinkhorn_dist_std": 0.0024783300445082534, "train_num_iters": 10000, "batch_size": 2048, "data_shape": [2048, 2], "train_step": 2000}