{"ema_loss": 0.7890095487170848, "sinkhorn_dist_avg": 0.7596921348850986, "sinkhorn_dist_std": 0.0014399354472122417, "train_num_iters": 10000, "batch_size": 2048, "data_shape": [2048, 2], "train_step": 7900}