{"ema_loss": 0.35883843392333564, "sinkhorn_dist_avg": 0.6771948511644811, "sinkhorn_dist_std": 0.0005785990111462165, "train_num_iters": 10000, "batch_size": 2048, "data_shape": [2048, 2], "train_step": 700}