{"ema_loss": 0.8633418780059646, "sinkhorn_dist_avg": 0.7552173609498402, "sinkhorn_dist_std": 0.0012836268577955542, "train_num_iters": 10000, "batch_size": 2048, "data_shape": [2048, 2], "train_step": 5200}