{"ema_loss": 0.1423311894353872, "sinkhorn_dist_avg": 0.7506515496181009, "sinkhorn_dist_std": 0.0007849477882316772, "train_num_iters": 10000, "batch_size": 2048, "data_shape": [2048, 2], "train_step": 5300}