{"ema_loss": 0.30240235138429117, "sinkhorn_dist_avg": 0.7001140103946146, "sinkhorn_dist_std": 0.00046133708058542145, "train_num_iters": 10000, "batch_size": 2048, "data_shape": [2048, 2], "train_step": 800}