{"ema_loss": 0.05693076939360186, "sinkhorn_dist_avg": 0.7507823455449495, "sinkhorn_dist_std": 0.00020080962525337163, "train_num_iters": 10000, "batch_size": 2048, "data_shape": [2048, 2], "train_step": 6400}