{"ema_loss": 0.062125611919700854, "sinkhorn_dist_avg": 0.7403302360464518, "sinkhorn_dist_std": 0.0010913011796918107, "train_num_iters": 10000, "batch_size": 2048, "data_shape": [2048, 2], "train_step": 1600}