{"ema_loss": 0.15256733251286891, "sinkhorn_dist_avg": 0.752804211801776, "sinkhorn_dist_std": 0.0005068974070557917, "train_num_iters": 10000, "batch_size": 2048, "data_shape": [2048, 2], "train_step": 9000}