{"ema_loss": 0.24906686964228253, "sinkhorn_dist_avg": 0.7489563115380881, "sinkhorn_dist_std": 0.001243943558212654, "train_num_iters": 10000, "batch_size": 2048, "data_shape": [2048, 2], "train_step": 7300}