{"ema_loss": 0.06760208820486435, "sinkhorn_dist_avg": 0.7519081148512123, "sinkhorn_dist_std": 0.002479492493178554, "train_num_iters": 10000, "batch_size": 2048, "data_shape": [2048, 2], "train_step": 10000}