{"ema_loss": 0.09608206400050279, "sinkhorn_dist_avg": 0.7443001294604521, "sinkhorn_dist_std": 0.001524206487844395, "train_num_iters": 10000, "batch_size": 2048, "data_shape": [2048, 2], "train_step": 2300}