{"ema_loss": 0.6752241359569358, "sinkhorn_dist_avg": 0.7463403289254246, "sinkhorn_dist_std": 0.0027896634135304715, "train_num_iters": 10000, "batch_size": 2048, "data_shape": [2048, 2], "train_step": 6800}