{"ema_loss": 0.25782853090240365, "sinkhorn_dist_avg": 0.7531181929036048, "sinkhorn_dist_std": 0.0019678517051228256, "train_num_iters": 10000, "batch_size": 2048, "data_shape": [2048, 2], "train_step": 4600}