{"ema_loss": 0.9043087735276352, "sinkhorn_dist_avg": 0.7558350421865251, "sinkhorn_dist_std": 0.0004461544227081496, "train_num_iters": 10000, "batch_size": 2048, "data_shape": [2048, 2], "train_step": 1300}