{"ema_loss": 0.2446393821326458, "sinkhorn_dist_avg": 0.7622472985527441, "sinkhorn_dist_std": 0.002257274804409431, "train_num_iters": 10000, "batch_size": 2048, "data_shape": [2048, 2], "train_step": 3200}