{"ema_loss": 0.9621823574678268, "sinkhorn_dist_avg": 0.6846066760634962, "sinkhorn_dist_std": 0.0011527445603619322, "train_num_iters": 10000, "batch_size": 2048, "data_shape": [2048, 2], "train_step": 600}