{"ema_loss": 0.020140299177895393, "sinkhorn_dist_avg": 0.7498914259576214, "sinkhorn_dist_std": 0.0004511088008763902, "train_num_iters": 10000, "batch_size": 2048, "data_shape": [2048, 2], "train_step": 4000}