{"ema_loss": 0.22342281372506478, "sinkhorn_dist_avg": 0.7625564236653831, "sinkhorn_dist_std": 0.0017850732433422386, "train_num_iters": 10000, "batch_size": 2048, "data_shape": [2048, 2], "train_step": 2500}