{"ema_loss": 0.10202655931498197, "sinkhorn_dist_avg": 0.7485075177469422, "sinkhorn_dist_std": 0.001563394232802379, "train_num_iters": 10000, "batch_size": 2048, "data_shape": [2048, 2], "train_step": 4500}