{"ema_loss": 0.13976344271599345, "sinkhorn_dist_avg": 0.7595522847567452, "sinkhorn_dist_std": 0.0009035723152641597, "train_num_iters": 10000, "batch_size": 2048, "data_shape": [2048, 2], "train_step": 4800}