{"ema_loss": 0.7154611197156054, "sinkhorn_dist_avg": 0.7017003625834839, "sinkhorn_dist_std": 0.0015449480316748906, "train_num_iters": 10000, "batch_size": 2048, "data_shape": [2048, 2], "train_step": 900}