{"ema_loss": 0.017180998133969616, "sinkhorn_dist_avg": 0.750824483183954, "sinkhorn_dist_std": 0.001915274281060097, "train_num_iters": 10000, "batch_size": 2048, "data_shape": [2048, 2], "train_step": 9500}