{"ema_loss": 0.3218568480549699, "sinkhorn_dist_avg": 0.7653609976107529, "sinkhorn_dist_std": 0.0014565958145358895, "train_num_iters": 10000, "batch_size": 2048, "data_shape": [2048, 2], "train_step": 4900}