{"ema_loss": 0.8036901950285865, "sinkhorn_dist_avg": 0.7643459717318265, "sinkhorn_dist_std": 0.0010376713185402157, "train_num_iters": 10000, "batch_size": 2048, "data_shape": [2048, 2], "train_step": 8700}