{"ema_loss": 0.10578261035528903, "sinkhorn_dist_avg": 0.7700013246578581, "sinkhorn_dist_std": 0.0025761424574014292, "train_num_iters": 10000, "batch_size": 2048, "data_shape": [2048, 2], "train_step": 3400}