{"ema_loss": 0.7945497092785526, "sinkhorn_dist_avg": 0.6738539830498231, "sinkhorn_dist_std": 0.0014071200304712015, "train_num_iters": 10000, "batch_size": 2048, "data_shape": [2048, 2], "train_step": 300}