{"ema_loss": 0.08637234126908479, "sinkhorn_dist_avg": 0.7472071628867876, "sinkhorn_dist_std": 0.0006945130729679708, "train_num_iters": 10000, "batch_size": 2048, "data_shape": [2048, 2], "train_step": 8900}