{"ema_loss": 0.009666778258619191, "sinkhorn_dist_avg": 0.7618052783653434, "sinkhorn_dist_std": 0.00048334565669780533, "train_num_iters": 10000, "batch_size": 2048, "data_shape": [2048, 2], "train_step": 8200}