{"ema_loss": 0.13730927113484748, "sinkhorn_dist_avg": 0.7510892621148356, "sinkhorn_dist_std": 0.0008701353008923709, "train_num_iters": 10000, "batch_size": 2048, "data_shape": [2048, 2], "train_step": 8100}