{"ema_loss": 0.1868041874313894, "sinkhorn_dist_avg": 0.7612387754820592, "sinkhorn_dist_std": 0.002003074646609634, "train_num_iters": 10000, "batch_size": 2048, "data_shape": [2048, 2], "train_step": 1200}