{"ema_loss": 0.06695815776132344, "sinkhorn_dist_avg": 0.7481871446170576, "sinkhorn_dist_std": 0.001049495256172898, "train_num_iters": 10000, "batch_size": 2048, "data_shape": [2048, 2], "train_step": 2200}