{"ema_loss": 0.9413027757387367, "sinkhorn_dist_avg": 0.6698227558509874, "sinkhorn_dist_std": 0.0008935371840355346, "train_num_iters": 10000, "batch_size": 2048, "data_shape": [2048, 2], "train_step": 100}