{"ema_loss": 0.61589117377945, "sinkhorn_dist_avg": 0.7593595908288943, "sinkhorn_dist_std": 0.0007321988223392484, "train_num_iters": 10000, "batch_size": 2048, "data_shape": [2048, 2], "train_step": 7700}