{"ema_loss": 0.3300662574352781, "sinkhorn_dist_avg": 0.7405698020740129, "sinkhorn_dist_std": 0.00180070425690228, "train_num_iters": 10000, "batch_size": 2048, "data_shape": [2048, 2], "train_step": 1900}