{"ema_loss": 0.09883396686512738, "sinkhorn_dist_avg": 0.76476751660855, "sinkhorn_dist_std": 0.0024616423485119316, "train_num_iters": 10000, "batch_size": 2048, "data_shape": [2048, 2], "train_step": 3100}