{"ema_loss": 0.8378290109976482, "sinkhorn_dist_avg": 0.7665757959655352, "sinkhorn_dist_std": 0.0019606790137285997, "train_num_iters": 10000, "batch_size": 2048, "data_shape": [2048, 2], "train_step": 1500}