{"ema_loss": 0.4755785322315293, "sinkhorn_dist_avg": 0.7614226752374574, "sinkhorn_dist_std": 0.0007365519360137465, "train_num_iters": 10000, "batch_size": 2048, "data_shape": [2048, 2], "train_step": 5000}