{"ema_loss": 0.6736108286377348, "sinkhorn_dist_avg": 0.7574546554724423, "sinkhorn_dist_std": 0.0012024308830258493, "train_num_iters": 10000, "batch_size": 2048, "data_shape": [2048, 2], "train_step": 1700}