{"ema_loss": 0.04603151869234187, "sinkhorn_dist_avg": 0.7437183816285652, "sinkhorn_dist_std": 0.002069516599157265, "train_num_iters": 10000, "batch_size": 2048, "data_shape": [2048, 2], "train_step": 4200}