{"ema_loss": 0.024798913275092857, "sinkhorn_dist_avg": 0.7531546267627632, "sinkhorn_dist_std": 0.000506542149509614, "train_num_iters": 10000, "batch_size": 2048, "data_shape": [2048, 2], "train_step": 4700}