{"ema_loss": 0.055071693343656684, "sinkhorn_dist_avg": 0.7606863847395052, "sinkhorn_dist_std": 0.0016532134731168133, "train_num_iters": 10000, "batch_size": 2048, "data_shape": [2048, 2], "train_step": 2600}