{"ema_loss": 0.09933446484307094, "sinkhorn_dist_avg": 0.753135071158154, "sinkhorn_dist_std": 0.0008988930675205898, "train_num_iters": 10000, "batch_size": 2048, "data_shape": [2048, 2], "train_step": 7200}