{"ema_loss": 0.006630195901852578, "sinkhorn_dist_avg": 0.7333702277969484, "sinkhorn_dist_std": 0.00128777323693601, "train_num_iters": 10000, "batch_size": 2048, "data_shape": [2048, 2], "train_step": 8500}