{"ema_loss": 0.11198042455923927, "sinkhorn_dist_avg": 0.7605104577811459, "sinkhorn_dist_std": 0.0023146034193319846, "train_num_iters": 10000, "batch_size": 2048, "data_shape": [2048, 2], "train_step": 5600}