{"ema_loss": 0.8939986432414491, "sinkhorn_dist_avg": 0.7654134152548969, "sinkhorn_dist_std": 0.0021465221504847263, "train_num_iters": 10000, "batch_size": 2048, "data_shape": [2048, 2], "train_step": 2400}