{"ema_loss": 0.7825999879933152, "sinkhorn_dist_avg": 0.7533649265856565, "sinkhorn_dist_std": 0.0009813862056379421, "train_num_iters": 10000, "batch_size": 2048, "data_shape": [2048, 2], "train_step": 3000}