{"ema_loss": 0.6871362225462557, "sinkhorn_dist_avg": 0.6613013379185427, "sinkhorn_dist_std": 0.0012075714783217459, "train_num_iters": 10000, "batch_size": 2048, "data_shape": [2048, 2], "train_step": 400}