{"ema_loss": 0.03459000529710489, "sinkhorn_dist_avg": 0.7583977816687769, "sinkhorn_dist_std": 0.0014092735119466614, "train_num_iters": 10000, "batch_size": 2048, "data_shape": [2048, 2], "train_step": 8600}