{"ema_loss": 0.06187174282348355, "sinkhorn_dist_avg": 0.7405828885745027, "sinkhorn_dist_std": 0.0008079606894045532, "train_num_iters": 10000, "batch_size": 2048, "data_shape": [2048, 2], "train_step": 7500}