{"ema_loss": 0.4649684429060664, "sinkhorn_dist_avg": 0.7549135488415984, "sinkhorn_dist_std": 0.001383799332897718, "train_num_iters": 10000, "batch_size": 2048, "data_shape": [2048, 2], "train_step": 8400}